,latitude,longitude,Наименование пункта пропуска,Федеральный округ,Вид,Количество,Год,Категория,Филиал,Установлен / закрыт,Функционирует/не функционирует,Сопредельное государство,Количество по паспорту,Количество (Факт/Паспорт)
0,69.655681,30.203183,Борисоглебск,СЗФО,АПП,270316,2017,Число людей,Мурманский,установлен,да,Королевство Норвегия,109500,2.47
1,60.931202,28.560617,Брусничное,СЗФО,АПП,2676976,2017,Число людей,Санкт-Петербургский,установлен,да,Финляндская Республика,2190000,1.22
2,42.768431,44.631185,Верхний Ларс,СКФО,АПП,2597753,2017,Число людей,Северо-Кавказский,установлен,да,Республика Грузия,1436640,1.81
3,59.376896,28.211033,Ивангород,СЗФО,АПП,3765083,2017,Число людей,Санкт-Петербургский,установлен,да,Эстонская Республика,2555000,1.47
4,55.278507,20.963083,Морское,СЗФО,АПП,229455,2017,Число людей,Калининградский,установлен,да,Литовская Республика,73000,3.14
5,51.216321,49.880509,Озинки,ПФО,АПП,1394660,2017,Число людей,Волгоградский,установлен,да,Республика Казахстан,1051200,1.33
6,41.787765,48.54852,Тагиркент-Казмаляр,СКФО,АПП,549064,2017,Число людей,Северо-Кавказский,установлен,да,Азербайджанская Республика,317550,1.73
7,60.596099,27.913096,Торфяновка,СЗФО,АПП,2469696,2017,Число людей,Санкт-Петербургский,установлен,да,Финляндская Республика,1916250,1.29
8,69.655681,30.203183,Борисоглебск,СЗФО,АПП,257666,2018,Число людей,Мурманский,установлен,да,Королевство Норвегия,109500,2.35
9,60.931202,28.560617,Брусничное,СЗФО,АПП,2719574,2018,Число людей,Санкт-Петербургский,установлен,да,Финляндская Республика,2190000,1.24
10,42.768431,44.631185,Верхний Ларс,СКФО,АПП,2782820,2018,Число людей,Северо-Кавказский,установлен,да,Республика Грузия,1436640,1.94
11,59.376896,28.211033,Ивангород,СЗФО,АПП,3655929,2018,Число людей,Санкт-Петербургский,установлен,да,Эстонская Республика,2555000,1.43
12,55.278507,20.963083,Морское,СЗФО,АПП,244578,2018,Число людей,Калининградский,установлен,да,Литовская Республика,73000,3.35
13,41.787765,48.54852,Тагиркент-Казмаляр,СКФО,АПП,480620,2018,Число людей,Северо-Кавказский,установлен,да,Азербайджанская Республика,317550,1.51
14,60.596099,27.913096,Торфяновка,СЗФО,АПП,2403572,2018,Число людей,Санкт-Петербургский,установлен,да,Финляндская Республика,1916250,1.25
15,43.397314,40.002072,Адлер,ЮФО,АПП,10826224,2019,Число людей,Сочинский,установлен,да,Республика Абхазия,10220000,1.06
16,69.655681,30.203183,Борисоглебск,СЗФО,АПП,267895,2019,Число людей,Мурманский,установлен,да,Королевство Норвегия,109500,2.45
17,60.931202,28.560617,Брусничное,СЗФО,АПП,3062042,2019,Число людей,Санкт-Петербургский,установлен,да,Финляндская Республика,2190000,1.4
18,42.768431,44.631185,Верхний Ларс,СКФО,АПП,3098034,2019,Число людей,Северо-Кавказский,установлен,да,Республика Грузия,1436640,2.16
19,49.632878,117.373814,Забайкальск,ДФО,АПП,1839366,2019,Число людей,Читинский,установлен,да,Китайская Народная Республика,1825000,1.01
20,59.376896,28.211033,Ивангород,СЗФО,АПП,3621503,2019,Число людей,Санкт-Петербургский,установлен,да,Эстонская Республика,2555000,1.42
21,55.278507,20.963083,Морское,СЗФО,АПП,282790,2019,Число людей,Калининградский,установлен,да,Литовская Республика,73000,3.87
22,41.787765,48.54852,Тагиркент-Казмаляр,СКФО,АПП,431033,2019,Число людей,Северо-Кавказский,установлен,да,Азербайджанская Республика,317550,1.36
23,60.596099,27.913096,Торфяновка,СЗФО,АПП,2455333,2019,Число людей,Санкт-Петербургский,установлен,да,Финляндская Республика,1916250,1.28
24,50.700218,92.069395,Хандагайты (Боршо),СФО,АПП,106512,2019,Число людей,Новосибирский,установлен,да,Монголия,106145,1.0
25,43.397314,40.002072,Адлер,ЮФО,АПП,11392851,2021,Число людей,Сочинский,установлен,да,Республика Абхазия,10220000,1.11
26,43.397314,40.002072,Адлер,ЮФО,АПП,11972069,2022,Число людей,Сочинский,установлен,да,Республика Абхазия,10220000,1.17
27,42.768431,44.631185,Верхний Ларс,СКФО,АПП,2453049,2022,Число людей,Северо-Кавказский,установлен,да,Республика Грузия,1436640,1.71
28,43.397314,40.002072,Адлер,ЮФО,АПП,1769178,2017,Легковые транспортные средства,Сочинский,установлен,да,Республика Абхазия,456250,3.88
29,54.372517,20.659173,Багратионовск,СЗФО,АПП,638904,2017,Легковые транспортные средства,Калининградский,установлен,да,Республика Польша,328500,1.94
30,60.931202,28.560617,Брусничное,СЗФО,АПП,883233,2017,Легковые транспортные средства,Санкт-Петербургский,установлен,да,Финляндская Республика,547500,1.61
31,42.768431,44.631185,Верхний Ларс,СКФО,АПП,630947,2017,Легковые транспортные средства,Северо-Кавказский,установлен,да,Республика Грузия,73000,8.64
32,62.168784,30.635873,Вяртсиля,СЗФО,АПП,705582,2017,Легковые транспортные средства,Санкт-Петербургский,установлен,да,Финляндская Республика,255500,2.76
33,54.343023,22.298854,Гусев,СЗФО,АПП,433845,2017,Легковые транспортные средства,Калининградский,установлен,да,Республика Польша,273750,1.58
34,59.376896,28.211033,Ивангород,СЗФО,АПП,524479,2017,Легковые транспортные средства,Санкт-Петербургский,установлен,да,Эстонская Республика,438000,1.2
35,64.545064,29.994016,Люття,СЗФО,АПП,211195,2017,Легковые транспортные средства,Санкт-Петербургский,установлен,да,Финляндская Республика,80300,2.63
36,54.439183,19.901304,Мамоново (Гроново),СЗФО,АПП,547188,2017,Легковые транспортные средства,Калининградский,установлен,да,Республика Польша,164250,3.33
37,55.278507,20.963083,Морское,СЗФО,АПП,83087,2017,Легковые транспортные средства,Калининградский,установлен,да,Литовская Республика,58400,1.42
38,50.338847,36.28717,Нехотеевка,ЦФО,АПП,806926,2017,Легковые транспортные средства,Белгородский,установлен,да,Украина,700800,1.15
39,42.669885,44.025982,Нижний Зарамаг,СКФО,АПП,380499,2017,Легковые транспортные средства,Северо-Кавказский,установлен,да,Республика Южная Осетия,62050,6.13
40,61.123856,28.841682,Светогорск,СЗФО,АПП,702634,2017,Легковые транспортные средства,Санкт-Петербургский,установлен,да,Финляндская Республика,669410,1.05
41,65.798791,30.109591,Суоперя,СЗФО,АПП,47672,2017,Легковые транспортные средства,Санкт-Петербургский,установлен,да,Финляндская Республика,36500,1.31
42,41.787765,48.54852,Тагиркент-Казмаляр,СКФО,АПП,154334,2017,Легковые транспортные средства,Северо-Кавказский,установлен,да,Азербайджанская Республика,51100,3.02
43,60.596099,27.913096,Торфяновка,СЗФО,АПП,874626,2017,Легковые транспортные средства,Санкт-Петербургский,установлен,да,Финляндская Республика,766500,1.14
44,50.700218,92.069395,Хандагайты (Боршо),СФО,АПП,17390,2017,Легковые транспортные средства,Новосибирский,установлен,да,Монголия,15548,1.12
45,41.640607,48.40786,Яраг-Казмаляр,СКФО,АПП,215720,2017,Легковые транспортные средства,Северо-Кавказский,установлен,да,Азербайджанская Республика,65700,3.28
46,43.397314,40.002072,Адлер,ЮФО,АПП,1916149,2018,Легковые транспортные средства,Сочинский,установлен,да,Республика Абхазия,456250,4.2
47,54.372517,20.659173,Багратионовск,СЗФО,АПП,582412,2018,Легковые транспортные средства,Калининградский,установлен,да,Республика Польша,328500,1.77
48,60.931202,28.560617,Брусничное,СЗФО,АПП,873748,2018,Легковые транспортные средства,Санкт-Петербургский,установлен,да,Финляндская Республика,547500,1.6
49,42.768431,44.631185,Верхний Ларс,СКФО,АПП,662064,2018,Легковые транспортные средства,Северо-Кавказский,установлен,да,Республика Грузия,73000,9.07
50,62.168784,30.635873,Вяртсиля,СЗФО,АПП,653167,2018,Легковые транспортные средства,Санкт-Петербургский,установлен,да,Финляндская Республика,255500,2.56
51,50.43093,35.591033,Грайворон,ЦФО,АПП,121241,2018,Легковые транспортные средства,Белгородский,установлен,да,Украина,109500,1.11
52,54.343023,22.298854,Гусев,СЗФО,АПП,419214,2018,Легковые транспортные средства,Калининградский,установлен,да,Республика Польша,273750,1.53
53,59.376896,28.211033,Ивангород,СЗФО,АПП,550966,2018,Легковые транспортные средства,Санкт-Петербургский,установлен,да,Эстонская Республика,438000,1.26
54,64.545064,29.994016,Люття,СЗФО,АПП,204620,2018,Легковые транспортные средства,Санкт-Петербургский,установлен,да,Финляндская Республика,80300,2.55
55,54.439183,19.901304,Мамоново (Гроново),СЗФО,АПП,465173,2018,Легковые транспортные средства,Калининградский,установлен,да,Республика Польша,164250,2.83
56,55.278507,20.963083,Морское,СЗФО,АПП,86516,2018,Легковые транспортные средства,Калининградский,установлен,да,Литовская Республика,58400,1.48
57,50.338847,36.28717,Нехотеевка,ЦФО,АПП,776580,2018,Легковые транспортные средства,Белгородский,установлен,да,Украина,700800,1.11
58,42.669885,44.025982,Нижний Зарамаг,СКФО,АПП,381466,2018,Легковые транспортные средства,Северо-Кавказский,установлен,да,Республика Южная Осетия,62050,6.15
59,61.123856,28.841682,Светогорск,СЗФО,АПП,669635,2018,Легковые транспортные средства,Санкт-Петербургский,установлен,да,Финляндская Республика,669410,1.0
60,65.798791,30.109591,Суоперя,СЗФО,АПП,43107,2018,Легковые транспортные средства,Санкт-Петербургский,установлен,да,Финляндская Республика,36500,1.18
61,41.787765,48.54852,Тагиркент-Казмаляр,СКФО,АПП,121810,2018,Легковые транспортные средства,Северо-Кавказский,установлен,да,Азербайджанская Республика,51100,2.38
62,60.596099,27.913096,Торфяновка,СЗФО,АПП,820229,2018,Легковые транспортные средства,Санкт-Петербургский,установлен,да,Финляндская Республика,766500,1.07
63,50.700218,92.069395,Хандагайты (Боршо),СФО,АПП,22106,2018,Легковые транспортные средства,Новосибирский,установлен,да,Монголия,15548,1.42
64,41.640607,48.40786,Яраг-Казмаляр,СКФО,АПП,270140,2018,Легковые транспортные средства,Северо-Кавказский,установлен,да,Азербайджанская Республика,65700,4.11
65,43.397314,40.002072,Адлер,ЮФО,АПП,2137028,2019,Легковые транспортные средства,Сочинский,установлен,да,Республика Абхазия,456250,4.68
66,54.372517,20.659173,Багратионовск,СЗФО,АПП,524750,2019,Легковые транспортные средства,Калининградский,установлен,да,Республика Польша,328500,1.6
67,60.931202,28.560617,Брусничное,СЗФО,АПП,872796,2019,Легковые транспортные средства,Санкт-Петербургский,установлен,да,Финляндская Республика,547500,1.59
68,42.768431,44.631185,Верхний Ларс,СКФО,АПП,780386,2019,Легковые транспортные средства,Северо-Кавказский,установлен,да,Республика Грузия,73000,10.69
69,62.168784,30.635873,Вяртсиля,СЗФО,АПП,608064,2019,Легковые транспортные средства,Санкт-Петербургский,установлен,да,Финляндская Республика,255500,2.38
70,54.343023,22.298854,Гусев,СЗФО,АПП,399611,2019,Легковые транспортные средства,Калининградский,установлен,да,Республика Польша,273750,1.46
71,59.376896,28.211033,Ивангород,СЗФО,АПП,521497,2019,Легковые транспортные средства,Санкт-Петербургский,установлен,да,Эстонская Республика,438000,1.19
72,64.545064,29.994016,Люття,СЗФО,АПП,205808,2019,Легковые транспортные средства,Санкт-Петербургский,установлен,да,Финляндская Республика,80300,2.56
73,54.439183,19.901304,Мамоново (Гроново),СЗФО,АПП,419011,2019,Легковые транспортные средства,Калининградский,установлен,да,Республика Польша,164250,2.55
74,55.278507,20.963083,Морское,СЗФО,АПП,95587,2019,Легковые транспортные средства,Калининградский,установлен,да,Литовская Республика,58400,1.64
75,50.338847,36.28717,Нехотеевка,ЦФО,АПП,763191,2019,Легковые транспортные средства,Белгородский,установлен,да,Украина,700800,1.09
76,42.669885,44.025982,Нижний Зарамаг,СКФО,АПП,367293,2019,Легковые транспортные средства,Северо-Кавказский,установлен,да,Республика Южная Осетия,62050,5.92
77,65.798791,30.109591,Суоперя,СЗФО,АПП,40636,2019,Легковые транспортные средства,Санкт-Петербургский,установлен,да,Финляндская Республика,36500,1.11
78,41.787765,48.54852,Тагиркент-Казмаляр,СКФО,АПП,109341,2019,Легковые транспортные средства,Северо-Кавказский,установлен,да,Азербайджанская Республика,51100,2.14
79,60.596099,27.913096,Торфяновка,СЗФО,АПП,786281,2019,Легковые транспортные средства,Санкт-Петербургский,установлен,да,Финляндская Республика,766500,1.03
80,50.700218,92.069395,Хандагайты (Боршо),СФО,АПП,25355,2019,Легковые транспортные средства,Новосибирский,установлен,да,Монголия,15548,1.63
81,41.640607,48.40786,Яраг-Казмаляр,СКФО,АПП,331755,2019,Легковые транспортные средства,Северо-Кавказский,установлен,да,Азербайджанская Республика,65700,5.05
82,43.397314,40.002072,Адлер,ЮФО,АПП,1398240,2020,Легковые транспортные средства,Сочинский,установлен,да,Республика Абхазия,456250,3.06
83,42.768431,44.631185,Верхний Ларс,СКФО,АПП,115014,2020,Легковые транспортные средства,Северо-Кавказский,установлен,да,Республика Грузия,73000,1.58
84,42.669885,44.025982,Нижний Зарамаг,СКФО,АПП,190694,2020,Легковые транспортные средства,Северо-Кавказский,установлен,да,Республика Южная Осетия,62050,3.07
85,41.640607,48.40786,Яраг-Казмаляр,СКФО,АПП,67883,2020,Легковые транспортные средства,Северо-Кавказский,установлен,да,Азербайджанская Республика,65700,1.03
86,43.397314,40.002072,Адлер,ЮФО,АПП,2347832,2021,Легковые транспортные средства,Сочинский,установлен,да,Республика Абхазия,456250,5.15
87,42.768431,44.631185,Верхний Ларс,СКФО,АПП,118354,2021,Легковые транспортные средства,Северо-Кавказский,установлен,да,Республика Грузия,73000,1.62
88,42.669885,44.025982,Нижний Зарамаг,СКФО,АПП,371722,2021,Легковые транспортные средства,Северо-Кавказский,установлен,да,Республика Южная Осетия,62050,5.99
89,43.397314,40.002072,Адлер,ЮФО,АПП,2388558,2022,Легковые транспортные средства,Сочинский,установлен,да,Республика Абхазия,456250,5.24
90,42.768431,44.631185,Верхний Ларс,СКФО,АПП,598592,2022,Легковые транспортные средства,Северо-Кавказский,установлен,да,Республика Грузия,73000,8.2
91,42.669885,44.025982,Нижний Зарамаг,СКФО,АПП,358264,2022,Легковые транспортные средства,Северо-Кавказский,установлен,да,Республика Южная Осетия,62050,5.77
92,50.700218,92.069395,Хандагайты (Боршо),СФО,АПП,22289,2022,Легковые транспортные средства,Новосибирский,установлен,да,Монголия,15548,1.43
93,43.397314,40.002072,Адлер,ЮФО,АПП,105498,2017,Грузовые транспортные средства,Сочинский,установлен,да,Республика Абхазия,54750,1.93
94,54.006458,61.625926,Бугристое,УФО,АПП,233923,2017,Грузовые транспортные средства,Уральский,установлен,да,Республика Казахстан,109500,2.14
95,56.356309,28.197336,Бурачки,СЗФО,АПП,141165,2017,Грузовые транспортные средства,Псковский,установлен,да,Латвийская Республика,109500,1.29
96,42.768431,44.631185,Верхний Ларс,СКФО,АПП,168407,2017,Грузовые транспортные средства,Северо-Кавказский,установлен,да,Республика Грузия,62050,2.71
97,62.168784,30.635873,Вяртсиля,СЗФО,АПП,81210,2017,Грузовые транспортные средства,Санкт-Петербургский,установлен,да,Финляндская Республика,43800,1.85
98,42.056396,48.306587,Дербент,СКФО,ЖДПП,7222,2017,Грузовые транспортные средства,Северо-Кавказский,установлен,да,Азербайджанская Республика,5840,1.24
99,51.647524,34.137715,Крупец,ЦФО,АПП,43764,2017,Грузовые транспортные средства,Брянский,установлен,да,Украина,36500,1.2
100,64.545064,29.994016,Люття,СЗФО,АПП,33718,2017,Грузовые транспортные средства,Санкт-Петербургский,установлен,да,Финляндская Республика,21900,1.54
101,42.669885,44.025982,Нижний Зарамаг,СКФО,АПП,42126,2017,Грузовые транспортные средства,Северо-Кавказский,установлен,да,Республика Южная Осетия,36500,1.15
102,54.645721,22.736633,Чернышевское,СЗФО,АПП,133222,2017,Грузовые транспортные средства,Калининградский,установлен,да,Литовская Республика,109500,1.22
103,43.397314,40.002072,Адлер,ЮФО,АПП,98509,2018,Грузовые транспортные средства,Сочинский,установлен,да,Республика Абхазия,54750,1.8
104,54.006458,61.625926,Бугристое,УФО,АПП,242803,2018,Грузовые транспортные средства,Уральский,установлен,да,Республика Казахстан,109500,2.22
105,56.356309,28.197336,Бурачки,СЗФО,АПП,147843,2018,Грузовые транспортные средства,Псковский,установлен,да,Латвийская Республика,109500,1.35
106,42.768431,44.631185,Верхний Ларс,СКФО,АПП,214082,2018,Грузовые транспортные средства,Северо-Кавказский,установлен,да,Республика Грузия,62050,3.45
107,62.168784,30.635873,Вяртсиля,СЗФО,АПП,86500,2018,Грузовые транспортные средства,Санкт-Петербургский,установлен,да,Финляндская Республика,43800,1.97
108,42.056396,48.306587,Дербент,СКФО,ЖДПП,6465,2018,Грузовые транспортные средства,Северо-Кавказский,установлен,да,Азербайджанская Республика,5840,1.11
109,64.545064,29.994016,Люття,СЗФО,АПП,31955,2018,Грузовые транспортные средства,Санкт-Петербургский,установлен,да,Финляндская Республика,21900,1.46
110,42.669885,44.025982,Нижний Зарамаг,СКФО,АПП,49509,2018,Грузовые транспортные средства,Северо-Кавказский,установлен,да,Республика Южная Осетия,36500,1.36
111,49.643629,89.44195,Ташанта,СФО,АПП,7829,2018,Грузовые транспортные средства,Новосибирский,установлен,да,Монголия,5980,1.31
112,54.645721,22.736633,Чернышевское,СЗФО,АПП,128113,2018,Грузовые транспортные средства,Калининградский,установлен,да,Литовская Республика,109500,1.17
113,41.640607,48.40786,Яраг-Казмаляр,СКФО,АПП,110344,2018,Грузовые транспортные средства,Северо-Кавказский,установлен,да,Азербайджанская Республика,109500,1.01
114,43.397314,40.002072,Адлер,ЮФО,АПП,97161,2019,Грузовые транспортные средства,Сочинский,установлен,да,Республика Абхазия,54750,1.77
115,54.006458,61.625926,Бугристое,УФО,АПП,254429,2019,Грузовые транспортные средства,Уральский,установлен,да,Республика Казахстан,109500,2.32
116,56.356309,28.197336,Бурачки,СЗФО,АПП,138230,2019,Грузовые транспортные средства,Псковский,установлен,да,Латвийская Республика,109500,1.26
117,42.768431,44.631185,Верхний Ларс,СКФО,АПП,227581,2019,Грузовые транспортные средства,Северо-Кавказский,установлен,да,Республика Грузия,62050,3.67
118,62.168784,30.635873,Вяртсиля,СЗФО,АПП,94991,2019,Грузовые транспортные средства,Санкт-Петербургский,установлен,да,Финляндская Республика,43800,2.17
119,42.056396,48.306587,Дербент,СКФО,ЖДПП,8059,2019,Грузовые транспортные средства,Северо-Кавказский,установлен,да,Азербайджанская Республика,5840,1.38
120,64.545064,29.994016,Люття,СЗФО,АПП,36400,2019,Грузовые транспортные средства,Санкт-Петербургский,установлен,да,Финляндская Республика,21900,1.66
121,42.669885,44.025982,Нижний Зарамаг,СКФО,АПП,41802,2019,Грузовые транспортные средства,Северо-Кавказский,установлен,да,Республика Южная Осетия,36500,1.15
122,49.643629,89.44195,Ташанта,СФО,АПП,8089,2019,Грузовые транспортные средства,Новосибирский,установлен,да,Монголия,5980,1.35
123,54.645721,22.736633,Чернышевское,СЗФО,АПП,124743,2019,Грузовые транспортные средства,Калининградский,установлен,да,Литовская Республика,109500,1.14
124,41.640607,48.40786,Яраг-Казмаляр,СКФО,АПП,125499,2019,Грузовые транспортные средства,Северо-Кавказский,установлен,да,Азербайджанская Республика,109500,1.15
125,43.397314,40.002072,Адлер,ЮФО,АПП,79709,2020,Грузовые транспортные средства,Сочинский,установлен,да,Республика Абхазия,54750,1.46
126,54.006458,61.625926,Бугристое,УФО,АПП,288987,2020,Грузовые транспортные средства,Уральский,установлен,да,Республика Казахстан,109500,2.64
127,56.356309,28.197336,Бурачки,СЗФО,АПП,130798,2020,Грузовые транспортные средства,Псковский,установлен,да,Латвийская Республика,109500,1.19
128,42.768431,44.631185,Верхний Ларс,СКФО,АПП,281299,2020,Грузовые транспортные средства,Северо-Кавказский,установлен,да,Республика Грузия,62050,4.53
129,62.168784,30.635873,Вяртсиля,СЗФО,АПП,101772,2020,Грузовые транспортные средства,Санкт-Петербургский,установлен,да,Финляндская Республика,43800,2.32
130,42.056396,48.306587,Дербент,СКФО,ЖДПП,5868,2020,Грузовые транспортные средства,Северо-Кавказский,установлен,да,Азербайджанская Республика,5840,1.0
131,64.545064,29.994016,Люття,СЗФО,АПП,32052,2020,Грузовые транспортные средства,Санкт-Петербургский,установлен,да,Финляндская Республика,21900,1.46
132,49.643629,89.44195,Ташанта,СФО,АПП,7238,2020,Грузовые транспортные средства,Новосибирский,установлен,да,Монголия,5980,1.21
133,54.645721,22.736633,Чернышевское,СЗФО,АПП,135092,2020,Грузовые транспортные средства,Калининградский,установлен,да,Литовская Республика,109500,1.23
134,41.640607,48.40786,Яраг-Казмаляр,СКФО,АПП,153622,2020,Грузовые транспортные средства,Северо-Кавказский,установлен,да,Азербайджанская Республика,109500,1.4
135,43.397314,40.002072,Адлер,ЮФО,АПП,100691,2021,Грузовые транспортные средства,Сочинский,установлен,да,Республика Абхазия,54750,1.84
136,54.006458,61.625926,Бугристое,УФО,АПП,313418,2021,Грузовые транспортные средства,Уральский,установлен,да,Республика Казахстан,109500,2.86
137,56.356309,28.197336,Бурачки,СЗФО,АПП,135512,2021,Грузовые транспортные средства,Псковский,установлен,да,Латвийская Республика,109500,1.24
138,42.768431,44.631185,Верхний Ларс,СКФО,АПП,296877,2021,Грузовые транспортные средства,Северо-Кавказский,установлен,да,Республика Грузия,62050,4.78
139,62.168784,30.635873,Вяртсиля,СЗФО,АПП,96501,2021,Грузовые транспортные средства,Санкт-Петербургский,установлен,да,Финляндская Республика,43800,2.2
140,64.545064,29.994016,Люття,СЗФО,АПП,30286,2021,Грузовые транспортные средства,Санкт-Петербургский,установлен,да,Финляндская Республика,21900,1.38
141,64.5496,30.665,Люття,СЗФО,ЖДПП,3858,2021,Грузовые транспортные средства,Санкт-Петербургский,установлен,да,Финляндская Республика,3650,1.06
142,42.669885,44.025982,Нижний Зарамаг,СКФО,АПП,37042,2021,Грузовые транспортные средства,Северо-Кавказский,установлен,да,Республика Южная Осетия,36500,1.01
143,49.643629,89.44195,Ташанта,СФО,АПП,8222,2021,Грузовые транспортные средства,Новосибирский,установлен,да,Монголия,5980,1.37
144,54.645721,22.736633,Чернышевское,СЗФО,АПП,130257,2021,Грузовые транспортные средства,Калининградский,установлен,да,Литовская Республика,109500,1.19
145,41.640607,48.40786,Яраг-Казмаляр,СКФО,АПП,169212,2021,Грузовые транспортные средства,Северо-Кавказский,установлен,да,Азербайджанская Республика,109500,1.55
146,43.397314,40.002072,Адлер,ЮФО,АПП,90346,2022,Грузовые транспортные средства,Сочинский,установлен,да,Республика Абхазия,54750,1.65
147,54.006458,61.625926,Бугристое,УФО,АПП,296124,2022,Грузовые транспортные средства,Уральский,установлен,да,Республика Казахстан,109500,2.7
148,42.768431,44.631185,Верхний Ларс,СКФО,АПП,281926,2022,Грузовые транспортные средства,Северо-Кавказский,установлен,да,Республика Грузия,62050,4.54
149,42.056396,48.306587,Дербент,СКФО,ЖДПП,6665,2022,Грузовые транспортные средства,Северо-Кавказский,установлен,да,Азербайджанская Республика,5840,1.14
150,41.708056,48.473279,Ново-Филя,СКФО,АПП,26300,2022,Грузовые транспортные средства,Северо-Кавказский,установлен,да,Азербайджанская Республика,4380,6.0
151,41.787765,48.54852,Тагиркент-Казмаляр,СКФО,АПП,35767,2022,Грузовые транспортные средства,Северо-Кавказский,установлен,да,Азербайджанская Республика,18250,1.96
152,49.643629,89.44195,Ташанта,СФО,АПП,11239,2022,Грузовые транспортные средства,Новосибирский,установлен,да,Монголия,5980,1.88
153,54.645721,22.736633,Чернышевское,СЗФО,АПП,139439,2022,Грузовые транспортные средства,Калининградский,установлен,да,Литовская Республика,109500,1.27
154,41.640607,48.40786,Яраг-Казмаляр,СКФО,АПП,184183,2022,Грузовые транспортные средства,Северо-Кавказский,установлен,да,Азербайджанская Республика,109500,1.68
155,43.397314,40.002072,Адлер,ЮФО,АПП,89761,2017,Паспорта транспортных средств,Сочинский,установлен,да,Республика Абхазия,36500,2.46
156,42.768431,44.631185,Верхний Ларс,СКФО,АПП,17300,2017,Паспорта транспортных средств,Северо-Кавказский,установлен,да,Республика Грузия,10950,1.58
157,59.376896,28.211033,Ивангород,СЗФО,АПП,28098,2017,Паспорта транспортных средств,Санкт-Петербургский,установлен,да,Эстонская Республика,21900,1.28
158,50.338847,36.28717,Нехотеевка,ЦФО,АПП,37432,2017,Паспорта транспортных средств,Белгородский,установлен,да,Украина,26280,1.42
159,51.881005,34.337551,Троебортное,ЦФО,АПП,19100,2017,Паспорта транспортных средств,Брянский,установлен,да,Украина,18250,1.05
160,41.640607,48.40786,Яраг-Казмаляр,СКФО,АПП,10405,2017,Паспорта транспортных средств,Северо-Кавказский,установлен,да,Азербайджанская Республика,7300,1.43
161,43.397314,40.002072,Адлер,ЮФО,АПП,93065,2018,Паспорта транспортных средств,Сочинский,установлен,да,Республика Абхазия,36500,2.55
162,42.768431,44.631185,Верхний Ларс,СКФО,АПП,19840,2018,Паспорта транспортных средств,Северо-Кавказский,установлен,да,Республика Грузия,10950,1.81
163,59.376896,28.211033,Ивангород,СЗФО,АПП,28817,2018,Паспорта транспортных средств,Санкт-Петербургский,установлен,да,Эстонская Республика,21900,1.32
164,50.338847,36.28717,Нехотеевка,ЦФО,АПП,30963,2018,Паспорта транспортных средств,Белгородский,установлен,да,Украина,26280,1.18
165,43.397314,40.002072,Адлер,ЮФО,АПП,95518,2019,Паспорта транспортных средств,Сочинский,установлен,да,Республика Абхазия,36500,2.62
166,42.768431,44.631185,Верхний Ларс,СКФО,АПП,21371,2019,Паспорта транспортных средств,Северо-Кавказский,установлен,да,Республика Грузия,10950,1.95
167,49.632878,117.373814,Забайкальск,ДФО,АПП,59803,2019,Паспорта транспортных средств,Читинский,установлен,да,Китайская Народная Республика,58400,1.02
168,59.376896,28.211033,Ивангород,СЗФО,АПП,31076,2019,Паспорта транспортных средств,Санкт-Петербургский,установлен,да,Эстонская Республика,21900,1.42
169,50.338847,36.28717,Нехотеевка,ЦФО,АПП,28103,2019,Паспорта транспортных средств,Белгородский,установлен,да,Украина,26280,1.07
170,43.397314,40.002072,Адлер,ЮФО,АПП,52266,2020,Паспорта транспортных средств,Сочинский,установлен,да,Республика Абхазия,36500,1.43
171,43.397314,40.002072,Адлер,ЮФО,АПП,103181,2021,Паспорта транспортных средств,Сочинский,установлен,да,Республика Абхазия,36500,2.83
172,43.40274645,39.99306761,Адлер,ЮФО,ЖДПП,1131,2021,Паспорта транспортных средств,Сочинский,установлен,да,Республика Абхазия,1095,1.03
173,43.397314,40.002072,Адлер,ЮФО,АПП,82102,2022,Паспорта транспортных средств,Сочинский,установлен,да,Республика Абхазия,36500,2.25
174,43.40274645,39.99306761,Адлер,ЮФО,ЖДПП,1118,2022,Паспорта транспортных средств,Сочинский,установлен,да,Республика Абхазия,1095,1.02
175,42.768431,44.631185,Верхний Ларс,СКФО,АПП,13817,2022,Паспорта транспортных средств,Северо-Кавказский,установлен,да,Республика Грузия,10950,1.26
176,59.36793,28.233993,Ивангород,СЗФО,ЖДПП,4977882,2017,Грузы в тоннах,Санкт-Петербургский,установлен,да,Эстонская Республика,4088000,1.22
177,51.647524,34.137715,Крупец,ЦФО,АПП,607357,2017,Грузы в тоннах,Брянский,установлен,да,Украина,365000,1.66
178,59.36793,28.233993,Ивангород,СЗФО,ЖДПП,5075087,2018,Грузы в тоннах,Санкт-Петербургский,установлен,да,Эстонская Республика,4088000,1.24
179,51.647524,34.137715,Крупец,ЦФО,АПП,450216,2018,Грузы в тоннах,Брянский,установлен,да,Украина,365000,1.23
180,59.36793,28.233993,Ивангород,СЗФО,ЖДПП,6197916,2019,Грузы в тоннах,Санкт-Петербургский,установлен,да,Эстонская Республика,4088000,1.52
181,59.36793,28.233993,Ивангород,СЗФО,ЖДПП,6365192,2020,Грузы в тоннах,Санкт-Петербургский,установлен,да,Эстонская Республика,4088000,1.56
182,59.36793,28.233993,Ивангород,СЗФО,ЖДПП,5705163,2021,Грузы в тоннах,Санкт-Петербургский,установлен,да,Эстонская Республика,4088000,1.4
183,41.787765,48.54852,Тагиркент-Казмаляр,СКФО,АПП,677365,2022,Грузы в тоннах,Северо-Кавказский,установлен,да,Азербайджанская Республика,182500,3.71
